insert into topic (topic_id, topic_name,topic_up_coming_date,topic_use_date)
values (1, '영화', '2023-06-28', '2023-06-28');
insert into topic (topic_id, topic_name,topic_up_coming_date,topic_use_date)
values (2, '드라마', '2023-06-29', '2023-06-30');
insert into topic (topic_id, topic_name,topic_up_coming_date,topic_use_date)
values (3, '친절한 금자씨', '2023-06-24', '2023-7-8');
insert into topic (topic_id, topic_name,topic_up_coming_date,topic_use_date)
values (4, '토익', '2023-07-01', '2023-7-2');
insert into topic (topic_id, topic_name,topic_up_coming_date,topic_use_date)
values (5, '토익스피킹', '2023-07-02', '2023-7-3');
insert into topic (topic_id, topic_name,topic_up_coming_date,topic_use_date)
values (6, '토익리스닝', '2023-07-03', '2023-7-4');
insert into topic (topic_id, topic_name,topic_up_coming_date,topic_use_date)
values (7, '토익리딩', '2023-07-04', '2023-7-5');
insert into topic (topic_id, topic_name,topic_up_coming_date,topic_use_date)
values (8, 'Star-Wars', '2023-07-05', '2023-7-6');
insert into topic (topic_id, topic_name,topic_up_coming_date,topic_use_date)
values (9, '토익스피킹', '2023-07-06', '2023-7-7');
insert into topic (topic_id, topic_name,topic_up_coming_date,topic_use_date)
values (10, '토픽2', '2023-07-07', '2023-7-8');
insert into topic (topic_id, topic_name,topic_up_coming_date,topic_use_date)
values (11, '토픽3', '2023-07-08', '2023-7-9');
insert into topic (topic_id, topic_name,topic_up_coming_date,topic_use_date)
values (12, '토픽4', '2023-07-09', '2023-7-10');
insert into topic (topic_id, topic_name,topic_up_coming_date,topic_use_date)
values (13, '토픽5', '2023-07-10', '2023-7-11');
insert into topic (topic_id, topic_name,topic_up_coming_date,topic_use_date)
values (14, '토픽6', '2023-07-11', '2023-7-12');
insert into topic (topic_id, topic_name,topic_up_coming_date,topic_use_date)
values (15, '토픽7', '2023-07-12', '2023-7-13');
insert into topic (topic_id, topic_name,topic_up_coming_date,topic_use_date)
values (16, '토픽8', '2023-07-13', '2023-7-14');
insert into topic (topic_id, topic_name,topic_up_coming_date,topic_use_date)
values (17, '토픽9', '2023-07-14', '2023-7-15');
insert into topic (topic_id, topic_name,topic_up_coming_date,topic_use_date)
values (18, '토픽10', '2023-07-15', '2023-7-16');
insert into topic (topic_id, topic_name,topic_up_coming_date,topic_use_date)
values (19, '토픽11', '2023-07-16', '2023-7-17');
insert into topic (topic_id, topic_name,topic_up_coming_date,topic_use_date)
values (20, '토픽12', '2023-07-17', '2023-7-18');
insert into topic (topic_id, topic_name,topic_up_coming_date,topic_use_date)
values (21, '토픽13', '2023-07-18', '2023-7-19');
insert into topic (topic_id, topic_name,topic_up_coming_date,topic_use_date)
values (22, '토픽14', '2023-07-19', '2023-7-20');
insert into topic (topic_id, topic_name,topic_up_coming_date,topic_use_date)
values (23, '토픽15', '2023-07-20', '2023-7-21');
insert into topic (topic_id, topic_name,topic_up_coming_date,topic_use_date)
values (24, '토픽16', '2023-07-21', '2023-7-22');
insert into topic (topic_id, topic_name,topic_up_coming_date,topic_use_date)
values (25, '토픽17', '2023-07-22', '2023-7-23');
insert into topic (topic_id, topic_name,topic_up_coming_date,topic_use_date)
values (26, '토픽18', '2023-07-23', '2023-7-24');
insert into topic (topic_id, topic_name,topic_up_coming_date,topic_use_date)
values (27, '토픽19', '2023-07-24', '2023-7-25');
insert into topic (topic_id, topic_name,topic_up_coming_date,topic_use_date)
values (28, '토픽20', '2023-07-25', '2023-7-26');
insert into topic (topic_id, topic_name,topic_up_coming_date,topic_use_date)
values (29, '토픽21', '2023-07-26', '2023-7-27');
insert into topic (topic_id, topic_name,topic_up_coming_date,topic_use_date)
values (30, '토픽22', '2023-07-27', '2023-7-28');
insert into topic (topic_id, topic_name,topic_up_coming_date,topic_use_date)
values (31, '토픽23', '2023-07-28', '2023-7-29');
insert into topic (topic_id, topic_name,topic_up_coming_date,topic_use_date)
values (32, '토픽24', '2023-07-29', '2023-7-30');
insert into topic (topic_id, topic_name,topic_up_coming_date,topic_use_date)
values (33, '토픽25', '2023-07-30', '2023-7-31');
insert into topic (topic_id, topic_name,topic_up_coming_date,topic_use_date)
values (34, '토픽26', '2023-07-31', '2023-8-1');
insert into topic (topic_id, topic_name,topic_up_coming_date,topic_use_date)
values (35, '토픽27', '2023-08-01', '2023-8-2');
insert into topic (topic_id, topic_name,topic_up_coming_date,topic_use_date)
values (36, '토픽28', '2023-08-02', '2023-8-3');
insert into topic (topic_id, topic_name,topic_up_coming_date,topic_use_date)
values (37, '토픽29', '2023-08-03', '2023-8-4');
insert into topic (topic_id, topic_name,topic_up_coming_date,topic_use_date)
values (38, '토픽30', '2023-08-04', '2023-8-5');
insert into topic (topic_id, topic_name,topic_up_coming_date,topic_use_date)
values (39, '토픽31', '2023-08-05', '2023-8-6');
insert into topic (topic_id, topic_name,topic_up_coming_date,topic_use_date)
values (40, '토픽32', '2023-08-06', '2023-8-7');


insert into hashtag (hash_tag_id, hash_tag_name, hash_tag_type, created_at, updated_at)
values (1, '공지글', 4, '2022-12-12', '2022/12/12');
insert into hashtag (hash_tag_id, hash_tag_name, hash_tag_type, created_at, updated_at)
values (2, '시', 2, '2022-12-12', '2022/12/12');
insert into hashtag (hash_tag_id, hash_tag_name, hash_tag_type, created_at, updated_at)
values (3, '소설', 2, '2022-12-12', '2022/12/12');
insert into hashtag (hash_tag_id, hash_tag_name, hash_tag_type, created_at, updated_at)
values (4, '수필', 2, '2022-12-12', '2022/12/12');
insert into hashtag (hash_tag_id, hash_tag_name, hash_tag_type, created_at, updated_at)
values (5, '판타지', 2, '2022-12-12', '2022/12/12');
insert into hashtag (hash_tag_id, hash_tag_name, hash_tag_type, created_at, updated_at)
values (6, '로맨스', 2, '2022-12-12', '2022/12/12');
insert into hashtag (hash_tag_id, hash_tag_name, hash_tag_type, created_at, updated_at)
values (7, '스릴러', 2, '2022-12-12', '2022/12/12');
insert into hashtag (hash_tag_id, hash_tag_name, hash_tag_type, created_at, updated_at)
values (8, '공포', 2, '2022-12-12', '2022/12/12');
insert into hashtag (hash_tag_id, hash_tag_name, hash_tag_type, created_at, updated_at)
values (9, '추리', 2, '2022-12-12', '2022/12/12');

insert into hashtag (hash_tag_id, hash_tag_name, hash_tag_type, created_at, updated_at)
values (10, '단편', 3, '2022-12-12', '2022/12/12');

insert into hashtag (hash_tag_id, hash_tag_name, hash_tag_type, created_at, updated_at)
values (11, '연재', 3, '2022-12-12', '2022/12/12');

insert into hashtag (hash_tag_id, hash_tag_name, hash_tag_type, created_at, updated_at)
values (12, '완결', 3, '2022-12-12', '2022/12/12');
insert into hashtag (hash_tag_id, hash_tag_name, hash_tag_type, created_at, updated_at)
values (13, '일반글', 1, '2022-12-12', '2022/12/12');

insert into post (post_id, user_id, title, body, nick_name, post_hits, image_upload_name, created_at, updated_at) values (1, 1, 'Salem''s Lot', 'In hac habitasse platea dictumst. Etiam faucibus cursus urna. Ut tellus.', 'yeee', 1, 'Adipiscing.avi', '2023-05-26 11:18:21', '2023-04-01 22:56:12');
insert into post (post_id, user_id, title, body, nick_name, post_hits, image_upload_name, created_at, updated_at) values (2, 1, 'Empire of Passion (a.k.a. In the Realm of Passion) (a.k.a. Phantom Love) (Ai No Borei)', 'Fusce posuere felis sed lacus. Morbi sem mauris, laoreet ut, rhoncus aliquet, pulvinar sed, nisl. Nunc rhoncus dui vel sem.', 'yeee', 2, 'Orci.gif', '2022-08-24 22:51:26', '2022-12-03 09:01:11');
insert into post (post_id, user_id, title, body, nick_name, post_hits, image_upload_name, created_at, updated_at) values (3, 1, 'Take This Job and Shove It', 'Nam ultrices, libero non mattis pulvinar, nulla pede ullamcorper augue, a suscipit nulla elit ac nulla. Sed vel enim sit amet nunc viverra dapibus. Nulla suscipit ligula in lacus.', 'yeee', 3, 'ElitSodales.ppt', '2022-07-19 01:38:35', '2023-03-06 07:15:13');
insert into post (post_id, user_id, title, body, nick_name, post_hits, image_upload_name, created_at, updated_at) values (4, 1, 'Summer of Fear', 'Integer tincidunt ante vel ipsum. Praesent blandit lacinia erat. Vestibulum sed magna at nunc commodo placerat.', 'yeee', 4, 'TinciduntAnte.avi', '2022-09-03 20:14:37', '2023-01-06 15:04:55');
insert into post (post_id, user_id, title, body, nick_name, post_hits, image_upload_name, created_at, updated_at) values (5, 1, 'Far Off Place, A', 'Fusce posuere felis sed lacus. Morbi sem mauris, laoreet ut, rhoncus aliquet, pulvinar sed, nisl. Nunc rhoncus dui vel sem.', 'yeee', 5, 'NonVelitNec.mov', '2023-01-12 09:46:45', '2023-01-05 17:16:29');
insert into post (post_id, user_id, title, body, nick_name, post_hits, image_upload_name, created_at, updated_at) values (6, 1, 'Dracula (Dracula 3D)', 'Donec diam neque, vestibulum eget, vulputate ut, ultrices vel, augue. Vestibulum ante ipsum primis in faucibus orci luctus et ultrices posuere cubilia Curae; Donec pharetra, magna vestibulum aliquet ultrices, erat tortor sollicitudin mi, sit amet lobortis sapien sapien non mi. Integer ac neque.', 'yeee', 6, 'InHac.ppt', '2023-05-10 03:44:00', '2023-02-19 02:47:45');
insert into post (post_id, user_id, title, body, nick_name, post_hits, image_upload_name, created_at, updated_at) values (7, 1, 'Django the Bastard (Strangers Gundown, The) (Django il bastardo)', 'Curabitur gravida nisi at nibh. In hac habitasse platea dictumst. Aliquam augue quam, sollicitudin vitae, consectetuer eget, rutrum at, lorem.', 'yeee', 7, 'AnteNullaJusto.avi', '2022-11-02 18:12:05', '2022-09-07 18:54:07');
insert into post (post_id, user_id, title, body, nick_name, post_hits, image_upload_name, created_at, updated_at) values (8, 1, 'Dead Man', 'Sed sagittis. Nam congue, risus semper porta volutpat, quam pede lobortis ligula, sit amet eleifend pede libero quis orci. Nullam molestie nibh in lectus.', 'yeee', 8, 'QuisquePorta.avi', '2023-05-20 02:11:26', '2023-01-06 09:10:32');
insert into post (post_id, user_id, title, body, nick_name, post_hits, image_upload_name, created_at, updated_at) values (9, 1, 'Cleaner', 'Suspendisse potenti. In eleifend quam a odio. In hac habitasse platea dictumst.', 'yeee', 9, 'Nunc.jpeg', '2022-12-29 00:10:22', '2022-09-02 05:03:27');
insert into post (post_id, user_id, title, body, nick_name, post_hits, image_upload_name, created_at, updated_at) values (10, 1, 'Mutant Aliens', 'Praesent id massa id nisl venenatis lacinia. Aenean sit amet justo. Morbi ut odio.', 'yeee', 10, 'EgetElitSodales.doc', '2022-09-10 12:38:56', '2023-04-29 23:52:08');
insert into post (post_id, user_id, title, body, nick_name, post_hits, image_upload_name, created_at, updated_at) values (11, 1, 'Kind of Loving, A', 'Morbi porttitor lorem id ligula. Suspendisse ornare consequat lectus. In est risus, auctor sed, tristique in, tempus sit amet, sem.', 'yeee', 11, 'IntegerAc.mp3', '2022-08-06 20:38:16', '2023-03-21 18:51:59');
insert into post (post_id, user_id, title, body, nick_name, post_hits, image_upload_name, created_at, updated_at) values (12, 1, 'Semi-Pro', 'In quis justo. Maecenas rhoncus aliquam lacus. Morbi quis tortor id nulla ultrices aliquet.', 'yeee', 12, 'AcNullaSed.ppt', '2023-03-25 03:10:37', '2023-04-26 08:29:41');
insert into post (post_id, user_id, title, body, nick_name, post_hits, image_upload_name, created_at, updated_at) values (13, 1, 'And Then Came Lola', 'Duis aliquam convallis nunc. Proin at turpis a pede posuere nonummy. Integer non velit.', 'yeee', 13, 'SuscipitA.ppt', '2022-07-30 19:01:17', '2023-03-29 19:42:25');
insert into post (post_id, user_id, title, body, nick_name, post_hits, image_upload_name, created_at, updated_at) values (14, 1, 'Weird Woman', 'Phasellus sit amet erat. Nulla tempus. Vivamus in felis eu sapien cursus vestibulum.', 'yeee', 14, 'PhasellusSitAmet.mp3', '2022-11-16 08:26:48', '2023-05-15 11:45:55');
insert into post (post_id, user_id, title, body, nick_name, post_hits, image_upload_name, created_at, updated_at) values (15, 1, 'Waitress', 'Phasellus in felis. Donec semper sapien a libero. Nam dui.', 'yeee', 15, 'Faucibus.jpeg', '2023-02-07 06:39:10', '2023-05-22 23:52:08');
insert into post (post_id, user_id, title, body, nick_name, post_hits, image_upload_name, created_at, updated_at) values (16, 1, 'Backyard, The', 'Aenean fermentum. Donec ut mauris eget massa tempor convallis. Nulla neque libero, convallis eget, eleifend luctus, ultricies eu, nibh.', 'yeee', 16, 'EstDonecOdio.mov', '2022-09-16 17:48:26', '2022-09-22 06:01:20');
insert into post (post_id, user_id, title, body, nick_name, post_hits, image_upload_name, created_at, updated_at) values (17, 1, 'Arsène Lupin', 'Maecenas ut massa quis augue luctus tincidunt. Nulla mollis molestie lorem. Quisque ut erat.', 'yeee', 17, 'MattisNibh.png', '2022-08-09 14:25:26', '2023-05-17 21:01:50');
insert into post (post_id, user_id, title, body, nick_name, post_hits, image_upload_name, created_at, updated_at) values (18, 1, 'Ankur (The Seedling)', 'Suspendisse potenti. In eleifend quam a odio. In hac habitasse platea dictumst.', 'yeee', 18, 'DuiVelNisl.mp3', '2022-12-27 23:35:47', '2023-02-15 23:02:25');
insert into post (post_id, user_id, title, body, nick_name, post_hits, image_upload_name, created_at, updated_at) values (19, 1, 'Dark, The', 'Nullam porttitor lacus at turpis. Donec posuere metus vitae ipsum. Aliquam non mauris.', 'yeee', 19, 'AugueVelAccumsan.mp3', '2023-01-07 11:52:27', '2023-05-12 21:31:50');
insert into post (post_id, user_id, title, body, nick_name, post_hits, image_upload_name, created_at, updated_at) values (20, 1, 'Song of the South', 'Praesent blandit. Nam nulla. Integer pede justo, lacinia eget, tincidunt eget, tempus vel, pede.', 'yeee', 20, 'IntegerNon.gif', '2023-02-28 05:24:39', '2023-05-29 04:40:48');

insert into post_hashtag (post_id,hashtag_id,created_at,updated_at)
values (1,1,'2022-12-12','2022-12-12');
insert into post_hashtag (post_id,hashtag_id,created_at,updated_at)
values (1,10,'2022-12-12','2022-12-12');
insert into post_hashtag (post_id,hashtag_id,created_at,updated_at)
values (1,3,'2022-12-12','2022-12-12');
insert into post_hashtag (post_id,hashtag_id,created_at,updated_at)
values (2,1,'2022-12-12','2022-12-12');
insert into post_hashtag (post_id,hashtag_id,created_at,updated_at)
values (2,11,'2022-12-12','2022-12-12');
insert into post_hashtag (post_id,hashtag_id,created_at,updated_at)
values (2,3,'2022-12-12','2022-12-12');
insert into post_hashtag (post_id,hashtag_id,created_at,updated_at)
values (3,1,'2022-12-12','2022-12-12');
insert into post_hashtag (post_id,hashtag_id,created_at,updated_at)
values (3,12,'2022-12-12','2022-12-12');
insert into post_hashtag (post_id,hashtag_id,created_at,updated_at)
values (3,3,'2022-12-12','2022-12-12');
insert into post_hashtag (post_id,hashtag_id,created_at,updated_at)
values (4,13,'2022-12-12','2022-12-12');
insert into post_hashtag (post_id,hashtag_id,created_at,updated_at)
values (5,1,'2022-12-12','2022-12-12');
insert into post_hashtag (post_id,hashtag_id,created_at,updated_at)
values (5,10,'2022-12-12','2022-12-12');
insert into post_hashtag (post_id,hashtag_id,created_at,updated_at)
values (5,3,'2022-12-12','2022-12-12');
insert into post_hashtag (post_id,hashtag_id,created_at,updated_at)
values (6,1,'2022-12-12','2022-12-12');
insert into post_hashtag (post_id,hashtag_id,created_at,updated_at)
values (6,11,'2022-12-12','2022-12-12');
insert into post_hashtag (post_id,hashtag_id,created_at,updated_at)
values (6,3,'2022-12-12','2022-12-12');
insert into post_hashtag (post_id,hashtag_id,created_at,updated_at)
values (7,1,'2022-12-12','2022-12-12');
insert into post_hashtag (post_id,hashtag_id,created_at,updated_at)
values (7,12,'2022-12-12','2022-12-12');
insert into post_hashtag (post_id,hashtag_id,created_at,updated_at)
values (7,3,'2022-12-12','2022-12-12');
insert into post_hashtag (post_id,hashtag_id,created_at,updated_at)
values (8,1,'2022-12-12','2022-12-12');
insert into post_hashtag (post_id,hashtag_id,created_at,updated_at)
values (8,10,'2022-12-12','2022-12-12');
insert into post_hashtag (post_id,hashtag_id,created_at,updated_at)
values (8,3,'2022-12-12','2022-12-12');
insert into post_hashtag (post_id,hashtag_id,created_at,updated_at)
values (9,1,'2022-12-12','2022-12-12');
insert into post_hashtag (post_id,hashtag_id,created_at,updated_at)
values (9,10,'2022-12-12','2022-12-12');
insert into post_hashtag (post_id,hashtag_id,created_at,updated_at)
values (9,3,'2022-12-12','2022-12-12');
insert into post_hashtag (post_id,hashtag_id,created_at,updated_at)
values (10,1,'2022-12-12','2022-12-12');
insert into post_hashtag (post_id,hashtag_id,created_at,updated_at)
values (10,10,'2022-12-12','2022-12-12');
insert into post_hashtag (post_id,hashtag_id,created_at,updated_at)
values (10,3,'2022-12-12','2022-12-12');
insert into post_hashtag (post_id,hashtag_id,created_at,updated_at)
values (11,1,'2022-12-12','2022-12-12');
insert into post_hashtag (post_id,hashtag_id,created_at,updated_at)
values (11,10,'2022-12-12','2022-12-12');
insert into post_hashtag (post_id,hashtag_id,created_at,updated_at)
values (11,3,'2022-12-12','2022-12-12');
insert into post_hashtag (post_id,hashtag_id,created_at,updated_at)
values (12,1,'2022-12-12','2022-12-12');
insert into post_hashtag (post_id,hashtag_id,created_at,updated_at)
values (12,10,'2022-12-12','2022-12-12');
insert into post_hashtag (post_id,hashtag_id,created_at,updated_at)
values (12,3,'2022-12-12','2022-12-12');
insert into post_hashtag (post_id,hashtag_id,created_at,updated_at)
values (13,1,'2022-12-12','2022-12-12');
insert into post_hashtag (post_id,hashtag_id,created_at,updated_at)
values (13,10,'2022-12-12','2022-12-12');
insert into post_hashtag (post_id,hashtag_id,created_at,updated_at)
values (13,3,'2022-12-12','2022-12-12');
insert into post_hashtag (post_id,hashtag_id,created_at,updated_at)
values (14,1,'2022-12-12','2022-12-12');
insert into post_hashtag (post_id,hashtag_id,created_at,updated_at)
values (14,10,'2022-12-12','2022-12-12');
insert into post_hashtag (post_id,hashtag_id,created_at,updated_at)
values (14,3,'2022-12-12','2022-12-12');
insert into post_hashtag (post_id,hashtag_id,created_at,updated_at)
values (15,1,'2022-12-12','2022-12-12');
insert into post_hashtag (post_id,hashtag_id,created_at,updated_at)
values (15,10,'2022-12-12','2022-12-12');
insert into post_hashtag (post_id,hashtag_id,created_at,updated_at)
values (15,3,'2022-12-12','2022-12-12');
insert into post_hashtag (post_id,hashtag_id,created_at,updated_at)
values (16,1,'2022-12-12','2022-12-12');
insert into post_hashtag (post_id,hashtag_id,created_at,updated_at)
values (16,10,'2022-12-12','2022-12-12');
insert into post_hashtag (post_id,hashtag_id,created_at,updated_at)
values (16,3,'2022-12-12','2022-12-12');
insert into post_hashtag (post_id,hashtag_id,created_at,updated_at)
values (17,1,'2022-12-12','2022-12-12');
insert into post_hashtag (post_id,hashtag_id,created_at,updated_at)
values (17,10,'2022-12-12','2022-12-12');
insert into post_hashtag (post_id,hashtag_id,created_at,updated_at)
values (17,3,'2022-12-12','2022-12-12');
insert into post_hashtag (post_id,hashtag_id,created_at,updated_at)
values (18,1,'2022-12-12','2022-12-12');
insert into post_hashtag (post_id,hashtag_id,created_at,updated_at)
values (18,10,'2022-12-12','2022-12-12');
insert into post_hashtag (post_id,hashtag_id,created_at,updated_at)
values (18,3,'2022-12-12','2022-12-12');
insert into post_hashtag (post_id,hashtag_id,created_at,updated_at)
values (19,1,'2022-12-12','2022-12-12');
insert into post_hashtag (post_id,hashtag_id,created_at,updated_at)
values (19,10,'2022-12-12','2022-12-12');
insert into post_hashtag (post_id,hashtag_id,created_at,updated_at)
values (19,3,'2022-12-12','2022-12-12');
insert into post_hashtag (post_id,hashtag_id,created_at,updated_at)
values (20,1,'2022-12-12','2022-12-12');
insert into post_hashtag (post_id,hashtag_id,created_at,updated_at)
values (20,10,'2022-12-12','2022-12-12');
insert into post_hashtag (post_id,hashtag_id,created_at,updated_at)
values (20,3,'2022-12-12','2022-12-12');


insert into roles (role_id, role_number)
values (2, 1);

insert into users (user_id, user_name, password, nick_name, email, phone_No, gender, role_id, sign_up_date)
values (2, 'Puff Claypole', 'bQ9*}Q$itjbmp_g', 'pclaypole1', 'pclaypole1@facebook.com', '1103846750', 'Male', 2,
        '2023-03-05');
insert into users (user_id, user_name, password, nick_name, email, phone_No, gender, role_id, sign_up_date)
values (3, 'Fey Lamar', 'vU1>.\3Drvyc%,Wa', 'flamar2', 'flamar2@cnn.com', '6992705808', 'Female', 2, '2023-02-04');
insert into users (user_id, user_name, password, nick_name, email, phone_No, gender, role_id, sign_up_date)
values (4, 'Sheila Piggot', 'mM0+*''XOt{''', 'spiggot3', 'spiggot3@ftc.gov', '1787746003', 'Female', 2, '2023-03-20');
insert into users (user_id, user_name, password, nick_name, email, phone_No, gender, role_id, sign_up_date)
values (5, 'Hobart Islep', 'tB3{HL<l4m)eJ', 'hislep4', 'hislep4@home.pl', '5523771895', 'Male', 2, '2022-12-01');
insert into users (user_id, user_name, password, nick_name, email, phone_No, gender, role_id, sign_up_date)
values (6, 'Rica Genney', 'jI0}#qh@', 'rgenney5', 'rgenney5@indiegogo.com', '5713227240', 'Female', 2, '2023-03-08');
insert into users (user_id, user_name, password, nick_name, email, phone_No, gender, role_id, sign_up_date)
values (7, 'Raul Sweetsur', 'nX7"4M`f8saIJD,', 'rsweetsur6', 'rsweetsur6@163.com', '2676318763', 'Male', 2,
        '2022-11-20');
insert into users (user_id, user_name, password, nick_name, email, phone_No, gender, role_id, sign_up_date)
values (8, 'Mohandis Scothorne', 'nI8@T%6+BO$bo}G', 'mscothorne7', 'mscothorne7@xinhuanet.com', '9806020518',
        'Bigender', 2, '2022-08-23');
insert into users (user_id, user_name, password, nick_name, email, phone_No, gender, role_id, sign_up_date)
values (9, 'Dolph Mishaw', 'yN4"U/7"1+,@ycg{', 'dmishaw8', 'dmishaw8@chronoengine.com', '6566788966', 'Male', 2,
        '2022-11-29');
insert into users (user_id, user_name, password, nick_name, email, phone_No, gender, role_id, sign_up_date)
values (10, 'Neron Clemmett', 'jV6}OrLP,)0M', 'nclemmett9', 'nclemmett9@usnews.com', '2382681893', 'Male', 2,
        '2022-08-22');
insert into users (user_id, user_name, password, nick_name, email, phone_No, gender, role_id, sign_up_date)
values (11, 'Dory Fernihough', 'qX4/ME1\W0trf}SE', 'dfernihougha', 'dfernihougha@disqus.com', '1025386749', 'Female', 2,
        '2022-10-08');
insert into users (user_id, user_name, password, nick_name, email, phone_No, gender, role_id, sign_up_date)
values (12, 'Avigdor Grenshields', 'bA0{+0W"'',Qe8', 'agrenshieldsb', 'agrenshieldsb@tripod.com', '4188756594', 'Male',
        2, '2022-09-02');
insert into users (user_id, user_name, password, nick_name, email, phone_No, gender, role_id, sign_up_date)
values (13, 'Myrta Charlewood', 'nK6%kZ06AiJvNK', 'mcharlewoodc', 'mcharlewoodc@gnu.org', '7105270250', 'Ge', 2,
        '2022-10-08');
insert into users (user_id, user_name, password, nick_name, email, phone_No, gender, role_id, sign_up_date)
values (14, 'Tory Blench', 'zB7=k6016,7', 'tblenchd', 'tblenchd@webeden.co.uk', '6422587332', 'Genderfluid', 2,
        '2023-02-01');
insert into users (user_id, user_name, password, nick_name, email, phone_No, gender, role_id, sign_up_date)
values (15, 'Margaretta Lesaunier', 'qC4{\p0na$B0@?t7', 'mlesauniere', 'mlesauniere@ft.com', '9991071617', 'Female', 2,
        '2022-10-06');
insert into users (user_id, user_name, password, nick_name, email, phone_No, gender, role_id, sign_up_date)
values (16, 'Kacie Kasbye', 'nP2$O1\i', 'kkasbyef', 'kkasbyef@fastcompany.com', '9127892438', 'Female', 2,
        '2023-06-21');
insert into users (user_id, user_name, password, nick_name, email, phone_No, gender, role_id, sign_up_date)
values (17, 'Rose Carwithen', 'aM2)qg75~kXz', 'rcarwitheng', 'rcarwitheng@earthlink.net', '4063130557', 'Female', 2,
        '2022-10-23');
insert into users (user_id, user_name, password, nick_name, email, phone_No, gender, role_id, sign_up_date)
values (18, 'Janine Pashler', 'rA8/"|16h', 'jpashlerh', 'jpashlerh@amazon.co.jp', '8743744487', 'Female', 2,
        '2022-09-07');
insert into users (user_id, user_name, password, nick_name, email, phone_No, gender, role_id, sign_up_date)
values (19, 'Graehme Janeczek', 'tL4>/=>XaS', 'gjaneczeki', 'gjaneczeki@ihg.com', '2519025341', 'Male', 2,
        '2022-11-25');
insert into users (user_id, user_name, password, nick_name, email, phone_No, gender, role_id, sign_up_date)
values (20, 'Bunnie Le Franc', 'yT6,%{GfOpJ', 'blej', 'blej@rambler.ru', '1041831084', 'Female', 2, '2023-05-17');
insert into users (user_id, user_name, password, nick_name, email, phone_No, gender, role_id, sign_up_date)
values (21, 'Jamesy Helkin', 'hJ0%NU~8w&u7<', 'jhelkink', 'jhelkink@walmart.com', '2921134554', 'Male', 2,
        '2023-04-25');
insert into users (user_id, user_name, password, nick_name, email, phone_No, gender, role_id, sign_up_date)
values (22, 'Carmen Franz', 'qH8,</"Kr6CJ*', 'cfranzl', 'cfranzl@sfgate.com', '7406444587', 'Female', 2, '2023-05-14');
insert into users (user_id, user_name, password, nick_name, email, phone_No, gender, role_id, sign_up_date)
values (23, 'Dell Sell', 'fP0_/8b+z', 'dsellm', 'dsellm@vistaprint.com', '7739706082', 'Male', 2, '2023-05-09');
insert into users (user_id, user_name, password, nick_name, email, phone_No, gender, role_id, sign_up_date)
values (24, 'Carolann Soans', 'kO6.*7Tr1sh}%', 'csoansn', 'csoansn@washingtonpost.com', '1779663830', 'Female', 2,
        '2023-05-12');
insert into users (user_id, user_name, password, nick_name, email, phone_No, gender, role_id, sign_up_date)
values (25, 'Trent Mundy', 'qO4?dA#1a!QTGp', 'tmundyo', 'tmundyo@independent.co.uk', '1175944855', 'Male', 2,
        '2022-09-06');
insert into users (user_id, user_name, password, nick_name, email, phone_No, gender, role_id, sign_up_date)
values (26, 'Walden Carney', 'bO0''HwG7{1W|GV', 'wcarneyp', 'wcarneyp@google.com.br', '9673474030', 'Male', 2,
        '2023-04-29');
insert into users (user_id, user_name, password, nick_name, email, phone_No, gender, role_id, sign_up_date)
values (27, 'Jorge Colyer', 'xK9`K$V5CVB', 'jcolyerq', 'jcolyerq@csmonitor.com', '4794427195', 'Male', 2, '2023-02-11');
insert into users (user_id, user_name, password, nick_name, email, phone_No, gender, role_id, sign_up_date)
values (28, 'Floria Jeanequin', 'oD5@t4u7)', 'fjeanequinr', 'fjeanequinr@elegantthemes.com', '3297372380', 'Female', 2,
        '2023-01-29');
insert into users (user_id, user_name, password, nick_name, email, phone_No, gender, role_id, sign_up_date)
values (29, 'Vevay Marti', 'kC1?h4vZLG\#<6', 'vmartis', 'vmartis@google.com', '8591411893', 'Female', 2, '2023-03-02');
insert into users (user_id, user_name, password, nick_name, email, phone_No, gender, role_id, sign_up_date)
values (30, 'Tremayne Panks', 'uF9+Hs89j', 'tpankst', 'tpankst@mozilla.org', '8202566369', 'Male', 2, '2023-03-02');
insert into users (user_id, user_name, password, nick_name, email, phone_No, gender, role_id, sign_up_date)
values (31, 'Marguerite Hullah', 'fO7}3{X~', 'mhullahu', 'mhullahu@bbb.org', '8346908365', 'Female', 2, '2022-07-17');
insert into users (user_id, user_name, password, nick_name, email, phone_No, gender, role_id, sign_up_date)
values (32, 'Harri Coumbe', 'wR9\L(|n', 'hcoumbev', 'hcoumbev@jimdo.com', '9367750533', 'Female', 2, '2023-02-08');
insert into users (user_id, user_name, password, nick_name, email, phone_No, gender, role_id, sign_up_date)
values (33, 'Violetta Petrolli', 'wX0&BCwFxmU@', 'vpetrolliw', 'vpetrolliw@51.la', '1706702614', 'Female', 2,
        '2023-02-01');
insert into users (user_id, user_name, password, nick_name, email, phone_No, gender, role_id, sign_up_date)
values (34, 'Carmelia Clemmey', 'nP2}ExyAV%H|cvN', 'cclemmeyx', 'cclemmeyx@csmonitor.com', '7161959921', 'Female', 2,
        '2023-02-19');
insert into users (user_id, user_name, password, nick_name, email, phone_No, gender, role_id, sign_up_date)
values (35, 'Melisa Durie', 'vY3{=IWBB2`Jl', 'mduriey', 'mduriey@ucoz.ru', '4477076810', 'Female', 2, '2023-05-16');
insert into users (user_id, user_name, password, nick_name, email, phone_No, gender, role_id, sign_up_date)
values (36, 'Starlene Lally', 'nO8!f}`_x1', 'slallyz', 'slallyz@army.mil', '1897094901', 'Female', 2, '2023-04-08');
insert into users (user_id, user_name, password, nick_name, email, phone_No, gender, role_id, sign_up_date)
values (37, 'Westley Ryall', 'fW1>wy4?*1KxFKp', 'wryall10', 'wryall10@macromedia.com', '8329055634', 'Male', 2,
        '2023-05-21');
insert into users (user_id, user_name, password, nick_name, email, phone_No, gender, role_id, sign_up_date)
values (38, 'Jone Andrieux', 'mH9$J&pBx8Hp"', 'jandrieux11', 'jandrieux11@flickr.com', '5305248669', 'Male', 2,
        '2023-04-24');
insert into users (user_id, user_name, password, nick_name, email, phone_No, gender, role_id, sign_up_date)
values (39, 'Neel Bonsale', 'mF8~h%H/5', 'nbonsale12', 'nbonsale12@buzzfeed.com', '4699818921', 'Male', 2,
        '2022-10-22');
insert into users (user_id, user_name, password, nick_name, email, phone_No, gender, role_id, sign_up_date)
values (40, 'Margarette Vigrass', 'rV6#(&GOqu', 'mvigrass13', 'mvigrass13@blogs.com', '5201675168', 'Female', 2,
        '2023-05-20');
insert into users (user_id, user_name, password, nick_name, email, phone_No, gender, role_id, sign_up_date)
values (41, 'Matthiew Butterly', 'oT8+Q.QqE6P,', 'mbutterly14', 'mbutterly14@spotify.com', '8027001571', 'Polygender',
        2, '2022-06-27');
insert into users (user_id, user_name, password, nick_name, email, phone_No, gender, role_id, sign_up_date)
values (42, 'Estrella Skewis', 'vK1_8K<_4khJ+', 'eskewis15', 'eskewis15@netlog.com', '4299753205', 'Female', 2,
        '2022-11-07');
insert into users (user_id, user_name, password, nick_name, email, phone_No, gender, role_id, sign_up_date)
values (43, 'Sybilla Blaxter', 'yL5+@|~g#ar', 'sblaxter16', 'sblaxter16@blinklist.com', '4691376645', 'Female', 2,
        '2023-01-01');
insert into users (user_id, user_name, password, nick_name, email, phone_No, gender, role_id, sign_up_date)
values (44, 'Sandy Mundow', 'bD8&/_WZh8A(2B+c', 'smundow17', 'smundow17@arizona.edu', '9664752204', 'Female', 2,
        '2022-10-20');
insert into users (user_id, user_name, password, nick_name, email, phone_No, gender, role_id, sign_up_date)
values (45, 'Blisse Cutteridge', 'lV0#*eGik!T4o?"W', 'bcutteridge18', 'bcutteridge18@about.com', '6714472034', 'Female',
        2, '2023-01-30');
insert into users (user_id, user_name, password, nick_name, email, phone_No, gender, role_id, sign_up_date)
values (46, 'Rosamund Agett', 'hU9{C"fdM0vy0q|', 'ragett19', 'ragett19@linkedin.com', '3785309844', 'Female', 2,
        '2022-11-28');
insert into users (user_id, user_name, password, nick_name, email, phone_No, gender, role_id, sign_up_date)
values (47, 'Dannie Fearnehough', 'sJ1"iom$`9', 'dfearnehough1a', 'dfearnehough1a@artisteer.com', '1567807421', 'Male',
        2, '2022-08-10');
insert into users (user_id, user_name, password, nick_name, email, phone_No, gender, role_id, sign_up_date)
values (48, 'Shadow Stovell', 'iJ6`l_#kIe&d', 'sstovell1b', 'sstovell1b@angelfire.com', '2049847842', 'Agender', 2,
        '2022-08-23');
insert into users (user_id, user_name, password, nick_name, email, phone_No, gender, role_id, sign_up_date)
values (49, 'Jeffie Lindmark', 'xA9%TNg\!14h+|', 'jlindmark1c', 'jlindmark1c@dagondesign.com', '1614144070', 'Male', 2,
        '2022-07-11');
insert into users (user_id, user_name, password, nick_name, email, phone_No, gender, role_id, sign_up_date)
values (50, 'Friedrick Casperri', 'eY4\DeyI%', 'fcasperri1d', 'fcasperri1d@webeden.co.uk', '5801762825', 'Male', 2,
        '2022-08-08');
insert into users (user_id, user_name, password, nick_name, email, phone_No, gender, role_id, sign_up_date)
values (51, 'Diego Tangye', 'bP1_OP2O{0fq', 'dtangye1e', 'dtangye1e@aol.com', '9595634800', 'Male', 2, '2022-07-16');
insert into users (user_id, user_name, password, nick_name, email, phone_No, gender, role_id, sign_up_date)
values (52, 'Ammamaria Sawdy', 'tU1""tRJ', 'asawdy1f', 'asawdy1f@woothemes.com', '7438200560', 'Female', 2,
        '2023-01-29');
insert into users (user_id, user_name, password, nick_name, email, phone_No, gender, role_id, sign_up_date)
values (53, 'Lock Nazareth', 'gH7{`YwIh+gmr%@', 'lnazareth1g', 'lnazareth1g@apache.org', '2215302974', 'Male', 2,
        '2022-10-15');
insert into users (user_id, user_name, password, nick_name, email, phone_No, gender, role_id, sign_up_date)
values (54, 'Myrwyn Bernardotte', 'sS1''?R/{,>,', 'mbernardotte1h', 'mbernardotte1h@answers.com', '6018800880', 'Male',
        2, '2022-07-05');
insert into users (user_id, user_name, password, nick_name, email, phone_No, gender, role_id, sign_up_date)
values (55, 'Ali Hatter', 'hK3(KjO07%', 'ahatter1i', 'ahatter1i@pagesperso-orange.fr', '5453561225', 'Male', 2,
        '2022-10-14');
insert into users (user_id, user_name, password, nick_name, email, phone_No, gender, role_id, sign_up_date)
values (56, 'Torrence Van Driel', 'qF3.,t)!K?&pO4>`', 'tvan1j', 'tvan1j@hexun.com', '3125044163', 'Male', 2,
        '2023-02-05');
insert into users (user_id, user_name, password, nick_name, email, phone_No, gender, role_id, sign_up_date)
values (57, 'Alexa Gatsby', 'tC5\w*R_Bf', 'agatsby1k', 'agatsby1k@earthlink.net', '4714211089', 'Female', 2,
        '2022-11-20');
insert into users (user_id, user_name, password, nick_name, email, phone_No, gender, role_id, sign_up_date)
values (58, 'Siffre McDermot', 'vV2.*15b}.q', 'smcdermot1l', 'smcdermot1l@discovery.com', '5369904350', 'Male', 2,
        '2023-03-31');
insert into users (user_id, user_name, password, nick_name, email, phone_No, gender, role_id, sign_up_date)
values (59, 'Conney Slocomb', 'oC1>l6otL', 'cslocomb1m', 'cslocomb1m@gizmodo.com', '8996073697', 'Male', 2,
        '2023-03-27');
insert into users (user_id, user_name, password, nick_name, email, phone_No, gender, role_id, sign_up_date)
values (60, 'Leonelle Champagne', 'fJ7?rZ<u\zDP', 'lchampagne1n', 'lchampagne1n@china.com.cn', '3208049735', 'Female',
        2, '2022-08-19');
insert into users (user_id, user_name, password, nick_name, email, phone_No, gender, role_id, sign_up_date)
values (61, 'Cristiano Essberger', 'yG0&!r2w', 'cessberger1o', 'cessberger1o@sfgate.com', '8595171286', 'Male', 2,
        '2022-08-15');
insert into users (user_id, user_name, password, nick_name, email, phone_No, gender, role_id, sign_up_date)
values (62, 'Malchy Bruhnsen', 'lG4,k+6e"', 'mbruhnsen1p', 'mbruhnsen1p@noaa.gov', '7058734251', 'Male', 2,
        '2023-01-16');
insert into users (user_id, user_name, password, nick_name, email, phone_No, gender, role_id, sign_up_date)
values (63, 'Beauregard Goghin', 'uV9)d)@&l''0', 'bgoghin1q', 'bgoghin1q@miitbeian.gov.cn', '4798696112', 'Male', 2,
        '2022-08-05');
insert into users (user_id, user_name, password, nick_name, email, phone_No, gender, role_id, sign_up_date)
values (64, 'Clarette Thomassin', 'yW5\xagn9', 'cthomassin1r', 'cthomassin1r@posterous.com', '8861670738', 'Female', 2,
        '2022-08-17');
insert into users (user_id, user_name, password, nick_name, email, phone_No, gender, role_id, sign_up_date)
values (65, 'Carmine Eliasen', 'aW3&IwH`4a@Niko', 'celiasen1s', 'celiasen1s@prweb.com', '9554478964', 'Female', 2,
        '2022-07-22');
insert into users (user_id, user_name, password, nick_name, email, phone_No, gender, role_id, sign_up_date)
values (66, 'Johannes Baudouin', 'zQ3<N"VJP7}"h?J', 'jbaudouin1t', 'jbaudouin1t@apache.org', '6214411275', 'Non-binary',
        2, '2023-05-07');
insert into users (user_id, user_name, password, nick_name, email, phone_No, gender, role_id, sign_up_date)
values (67, 'Aloysius Jennions', 'kL0*ePk/d/XHd6W', 'ajennions1u', 'ajennions1u@paypal.com', '7762752524', 'Male', 2,
        '2022-07-10');
insert into users (user_id, user_name, password, nick_name, email, phone_No, gender, role_id, sign_up_date)
values (68, 'Lanita Rowbottom', 'cK9$OO"%1', 'lrowbottom1v', 'lrowbottom1v@nps.gov', '6523391963', 'Female', 2,
        '2023-03-19');
insert into users (user_id, user_name, password, nick_name, email, phone_No, gender, role_id, sign_up_date)
values (69, 'Cecelia Villiers', 'eP8@nGk6', 'cvilliers1w', 'cvilliers1w@nbcnews.com', '9181089881', 'Female', 2,
        '2023-03-29');
insert into users (user_id, user_name, password, nick_name, email, phone_No, gender, role_id, sign_up_date)
values (70, 'Ulrikaumeko Garlinge', 'aA2*.CM8nIKtmR', 'ugarlinge1x', 'ugarlinge1x@wikimedia.org', '2095354162',
        'Female', 2, '2022-12-28');
insert into users (user_id, user_name, password, nick_name, email, phone_No, gender, role_id, sign_up_date)
values (71, 'Kirstin Backshall', 'xG8)TN5{&AN=CEb!', 'kbackshall1y', 'kbackshall1y@canalblog.com', '7436131045',
        'Female', 2, '2023-02-24');
insert into users (user_id, user_name, password, nick_name, email, phone_No, gender, role_id, sign_up_date)
values (72, 'Xena Putten', 'xD0_V`K@6', 'xputten1z', 'xputten1z@amazonaws.com', '1725575882', 'Female', 2,
        '2023-03-26');
insert into users (user_id, user_name, password, nick_name, email, phone_No, gender, role_id, sign_up_date)
values (73, 'Beatriz Skeene', 'cR8.KkVzez', 'bskeene20', 'bskeene20@blogspot.com', '4817875305', 'Female', 2,
        '2023-04-05');
insert into users (user_id, user_name, password, nick_name, email, phone_No, gender, role_id, sign_up_date)
values (74, 'Corrina Acory', 'cW4{iC!tHg', 'cacory21', 'cacory21@stumbleupon.com', '3516117728', 'Female', 2,
        '2022-07-15');
insert into users (user_id, user_name, password, nick_name, email, phone_No, gender, role_id, sign_up_date)
values (75, 'Craggie Waterstone', 'qT5>%znS)G', 'cwaterstone22', 'cwaterstone22@eepurl.com', '9331825148', 'Agender', 2,
        '2023-05-08');
insert into users (user_id, user_name, password, nick_name, email, phone_No, gender, role_id, sign_up_date)
values (76, 'Fransisco Columbine', 'wE4)u~5Y', 'fcolumbine23', 'fcolumbine23@nifty.com', '9529635626', 'Male', 2,
        '2022-07-02');
insert into users (user_id, user_name, password, nick_name, email, phone_No, gender, role_id, sign_up_date)
values (77, 'Renado Ahren', 'gU0|}_>h+g,hE', 'rahren24', 'rahren24@mit.edu', '5515497995', 'Male', 2, '2022-10-10');
insert into users (user_id, user_name, password, nick_name, email, phone_No, gender, role_id, sign_up_date)
values (78, 'Olvan Dilliway', 'qS5)pMzc)HW''_nNz', 'odilliway25', 'odilliway25@oakley.com', '3155855806', 'Male', 2,
        '2023-03-10');
insert into users (user_id, user_name, password, nick_name, email, phone_No, gender, role_id, sign_up_date)
values (79, 'Melinda Cram', 'eG4<"5RJlzWNvm"', 'mcram26', 'mcram26@ucoz.com', '5968339718', 'Female', 2, '2023-03-05');
insert into users (user_id, user_name, password, nick_name, email, phone_No, gender, role_id, sign_up_date)
values (80, 'Erna Matusovsky', 'yD4+&h@bI3E%$B', 'ematusovsky27', 'ematusovsky27@youtu.be', '6672075931', 'Female', 2,
        '2022-11-23');
insert into users (user_id, user_name, password, nick_name, email, phone_No, gender, role_id, sign_up_date)
values (81, 'Aron Newvell', 'iJ1(d@p9L', 'anewvell28', 'anewvell28@weather.com', '4441936274', 'Male', 2, '2022-12-20');
insert into users (user_id, user_name, password, nick_name, email, phone_No, gender, role_id, sign_up_date)
values (82, 'Flori Burness', 'aH2!T1m&E', 'fburness29', 'fburness29@goo.ne.jp', '1547988301', 'Polygender', 2,
        '2023-04-13');
insert into users (user_id, user_name, password, nick_name, email, phone_No, gender, role_id, sign_up_date)
values (83, 'Amery Dorber', 'kL0.=)E*C6HOO', 'adorber2a', 'adorber2a@umich.edu', '8869085971', 'Male', 2, '2022-07-14');
insert into users (user_id, user_name, password, nick_name, email, phone_No, gender, role_id, sign_up_date)
values (84, 'Llywellyn Mylan', 'cG0{>{KF*C', 'lmylan2b', 'lmylan2b@github.io', '7584438580', 'Male', 2, '2022-09-25');
insert into users (user_id, user_name, password, nick_name, email, phone_No, gender, role_id, sign_up_date)
values (85, 'Ode Di Pietro', 'gI2@%a=/awCQ', 'odi2c', 'odi2c@jigsy.com', '1281894366', 'Male', 2, '2023-03-27');
insert into users (user_id, user_name, password, nick_name, email, phone_No, gender, role_id, sign_up_date)
values (86, 'Caresse Leishman', 'dE4.tJ*@*<D8(8', 'cleishman2d', 'cleishman2d@princeton.edu', '5433969590', 'Female', 2,
        '2023-04-07');
insert into users (user_id, user_name, password, nick_name, email, phone_No, gender, role_id, sign_up_date)
values (87, 'Keefer Briant', 'oY7@CG/w.h', 'kbriant2e', 'kbriant2e@princeton.edu', '6516547393', 'Male', 2,
        '2022-09-14');
insert into users (user_id, user_name, password, nick_name, email, phone_No, gender, role_id, sign_up_date)
values (88, 'Lexine Pendock', 'aT5\0czBMI{e', 'lpendock2f', 'lpendock2f@phpbb.com', '6844833806', 'Female', 2,
        '2022-12-14');
insert into users (user_id, user_name, password, nick_name, email, phone_No, gender, role_id, sign_up_date)
values (89, 'Carmelina Olanda', 'sK9!$r<06<5.~k', 'colanda2g', 'colanda2g@dion.ne.jp', '5709058677', 'Female', 2,
        '2022-09-06');
insert into users (user_id, user_name, password, nick_name, email, phone_No, gender, role_id, sign_up_date)
values (90, 'Leia Goodbairn', 'mB7"sC''v%', 'lgoodbairn2h', 'lgoodbairn2h@arstechnica.com', '5347377589', 'Agender', 2,
        '2022-09-15');
insert into users (user_id, user_name, password, nick_name, email, phone_No, gender, role_id, sign_up_date)
values (91, 'Eugenius Blethyn', 'oD2.E%KC_}M', 'eblethyn2i', 'eblethyn2i@tmall.com', '5526146382', 'Male', 2,
        '2023-04-02');
insert into users (user_id, user_name, password, nick_name, email, phone_No, gender, role_id, sign_up_date)
values (92, 'Verne Ubanks', 'kF8>U`F0KThUC5d', 'vubanks2j', 'vubanks2j@fda.gov', '8046687039', 'Male', 2, '2023-04-12');
insert into users (user_id, user_name, password, nick_name, email, phone_No, gender, role_id, sign_up_date)
values (93, 'Celestine Siggs', 'uU8/d>,"\kzgUt{', 'csiggs2k', 'csiggs2k@ow.ly', '6712660556', 'Bigender', 2,
        '2023-06-12');
insert into users (user_id, user_name, password, nick_name, email, phone_No, gender, role_id, sign_up_date)
values (94, 'Alika Arcase', 'aI7*@JCgU?>5hL*', 'aarcase2l', 'aarcase2l@ow.ly', '4444160961', 'Female', 2, '2023-02-10');
insert into users (user_id, user_name, password, nick_name, email, phone_No, gender, role_id, sign_up_date)
values (95, 'Clay Molineaux', 'kE8''''Sku~', 'cmolineaux2m', 'cmolineaux2m@usgs.gov', '5253510513', 'Male', 2,
        '2023-06-08');
insert into users (user_id, user_name, password, nick_name, email, phone_No, gender, role_id, sign_up_date)
values (96, 'Jasen Bunt', 'jJ8<,Ru<,S>f4', 'jbunt2n', 'jbunt2n@shareasale.com', '5782968756', 'Male', 2, '2022-11-22');
insert into users (user_id, user_name, password, nick_name, email, phone_No, gender, role_id, sign_up_date)
values (97, 'Lars Lobbe', 'uC7%)Ot\Gzb|~', 'llobbe2o', 'llobbe2o@jugem.jp', '5504061024', 'Male', 2, '2023-06-12');
insert into users (user_id, user_name, password, nick_name, email, phone_No, gender, role_id, sign_up_date)
values (98, 'Joellen Oguz', 'yI6?6CnGfqrJ', 'joguz2p', 'joguz2p@theglobeandmail.com', '9858955367', 'Genderfluid', 2,
        '2023-03-15');
insert into users (user_id, user_name, password, nick_name, email, phone_No, gender, role_id, sign_up_date)
values (99, 'Rebecka Hyndes', 'jU9=3''/6y>QK', 'rhyndes2q', 'rhyndes2q@nationalgeographic.com', '5165606608', 'Female',
        2, '2022-11-16');
insert into users (user_id, user_name, password, nick_name, email, phone_No, gender, role_id, sign_up_date)
values (100, 'Anya Cussins', 'qF7%T@0UsgjEs', 'acussins2r', 'acussins2r@dell.com', '4666405814', 'Female', 2,
        '2022-09-01');

