insert into topic (topic_id, topic_name,topic_up_coming_date,topic_use_date)
values (1, '영화', '2023-06-28', '2023-06-28');
insert into topic (topic_id, topic_name,topic_up_coming_date,topic_use_date)
values (2, '드라마', '2023-06-29', '2023-06-29');
insert into topic (topic_id, topic_name,topic_up_coming_date,topic_use_date)
values (3, '친절한 금자씨', '2023-06-24', '2023-7-7');
insert into topic (topic_id, topic_name,topic_up_coming_date,topic_use_date)
values (4, '토익', '2023-07-01', '2023-7-1');
insert into topic (topic_id, topic_name,topic_up_coming_date,topic_use_date)
values (5, '토익스피킹', '2023-07-02', '2023-7-2');
insert into topic (topic_id, topic_name,topic_up_coming_date,topic_use_date)
values (6, '토익리스닝', '2023-07-03', '2023-7-3');
insert into topic (topic_id, topic_name,topic_up_coming_date,topic_use_date)
values (7, '토익리딩', '2023-07-04', '2023-7-4');
insert into topic (topic_id, topic_name,topic_up_coming_date,topic_use_date)
values (8, 'Star-Wars', '2023-07-05', '2023-7-5');
insert into topic (topic_id, topic_name,topic_up_coming_date,topic_use_date)
values (9, '토익스피킹', '2023-07-06', '2023-7-6');
insert into topic (topic_id, topic_name,topic_up_coming_date,topic_use_date)
values (10, '토픽2', '2023-07-07', '2023-7-7');
insert into topic (topic_id, topic_name,topic_up_coming_date,topic_use_date)
values (11, '토픽3', '2023-07-08', '2023-7-8');
insert into topic (topic_id, topic_name,topic_up_coming_date,topic_use_date)
values (12, '토픽4', '2023-07-09', '2023-7-09');
insert into topic (topic_id, topic_name,topic_up_coming_date,topic_use_date)
values (13, '토픽5', '2023-07-10', '2023-7-10');
insert into topic (topic_id, topic_name,topic_up_coming_date,topic_use_date)
values (14, '토픽6', '2023-07-11', '2023-7-11');
insert into topic (topic_id, topic_name,topic_up_coming_date,topic_use_date)
values (15, '토픽7', '2023-07-12', '2023-7-12');
insert into topic (topic_id, topic_name,topic_up_coming_date,topic_use_date)
values (16, '토픽8', '2023-07-13', '2023-7-13');
insert into topic (topic_id, topic_name,topic_up_coming_date,topic_use_date)
values (17, '토픽9', '2023-07-14', '2023-7-14');
insert into topic (topic_id, topic_name,topic_up_coming_date,topic_use_date)
values (18, '토픽10', '2023-07-15', '2023-7-15');
insert into topic (topic_id, topic_name,topic_up_coming_date,topic_use_date)
values (19, '토픽11', '2023-07-16', '2023-7-16');
insert into topic (topic_id, topic_name,topic_up_coming_date,topic_use_date)
values (20, '토픽12', '2023-07-17', '2023-7-17');
insert into topic (topic_id, topic_name,topic_up_coming_date,topic_use_date)
values (21, '토픽13', '2023-07-18', '2023-7-18');
insert into topic (topic_id, topic_name,topic_up_coming_date,topic_use_date)
values (22, '토픽14', '2023-07-19', '2023-7-19');
insert into topic (topic_id, topic_name,topic_up_coming_date,topic_use_date)
values (23, '토픽15', '2023-07-20', '2023-7-20');
insert into topic (topic_id, topic_name,topic_up_coming_date,topic_use_date)
values (24, '토픽16', '2023-07-21', '2023-7-21');
insert into topic (topic_id, topic_name,topic_up_coming_date,topic_use_date)
values (25, '토픽17', '2023-07-22', '2023-7-22');
insert into topic (topic_id, topic_name,topic_up_coming_date,topic_use_date)
values (26, '토픽18', '2023-07-23', '2023-7-23');
insert into topic (topic_id, topic_name,topic_up_coming_date,topic_use_date)
values (27, '토픽19', '2023-07-24', '2023-7-24');
insert into topic (topic_id, topic_name,topic_up_coming_date,topic_use_date)
values (28, '토픽20', '2023-07-25', '2023-7-25');
insert into topic (topic_id, topic_name,topic_up_coming_date,topic_use_date)
values (29, '토픽21', '2023-07-26', '2023-7-26');
insert into topic (topic_id, topic_name,topic_up_coming_date,topic_use_date)
values (30, '토픽22', '2023-07-27', '2023-7-27');
insert into topic (topic_id, topic_name,topic_up_coming_date,topic_use_date)
values (31, '토픽23', '2023-07-28', '2023-7-28');
insert into topic (topic_id, topic_name,topic_up_coming_date,topic_use_date)
values (32, '토픽24', '2023-07-29', '2023-7-29');
insert into topic (topic_id, topic_name,topic_up_coming_date,topic_use_date)
values (33, '토픽25', '2023-07-30', '2023-7-30');
insert into topic (topic_id, topic_name,topic_up_coming_date,topic_use_date)
values (34, '토픽26', '2023-07-31', '2023-07-31');
insert into topic (topic_id, topic_name,topic_up_coming_date,topic_use_date)
values (35, '토픽27', '2023-08-01', '2023-8-01');
insert into topic (topic_id, topic_name,topic_up_coming_date,topic_use_date)
values (36, '토픽28', '2023-08-02', '2023-8-02');
insert into topic (topic_id, topic_name,topic_up_coming_date,topic_use_date)
values (37, '토픽29', '2023-08-03', '2023-8-03');
insert into topic (topic_id, topic_name,topic_up_coming_date,topic_use_date)
values (38, '토픽30', '2023-08-04', '2023-8-04');
insert into topic (topic_id, topic_name,topic_up_coming_date,topic_use_date)
values (39, '토픽31', '2023-08-05', '2023-8-05');
insert into topic (topic_id, topic_name,topic_up_coming_date,topic_use_date)
values (40, '토픽32', '2023-08-06', '2023-8-06');
insert into topic (topic_id, topic_name,topic_up_coming_date,topic_use_date)
values (41, '토픽33', '2023-08-07', '2023-8-07');
insert into topic (topic_id, topic_name,topic_up_coming_date,topic_use_date)
values (42, '토픽34', '2023-08-08', '2023-8-08');
insert into topic (topic_id, topic_name,topic_up_coming_date,topic_use_date)
values (43, '토픽35', '2023-08-09', '2023-8-09');
insert into topic (topic_id, topic_name,topic_up_coming_date,topic_use_date)
values (44, '토픽36', '2023-08-10', '2023-8-10');
insert into topic (topic_id, topic_name,topic_up_coming_date,topic_use_date)
values (45, '토픽37', '2023-08-11', '2023-8-11');
insert into topic (topic_id, topic_name,topic_up_coming_date,topic_use_date)
values (46, '토픽38', '2023-08-12', '2023-8-12');
insert into topic (topic_id, topic_name,topic_up_coming_date,topic_use_date)
values (47, '토픽39', '2023-08-13', '2023-8-13');
insert into topic (topic_id, topic_name,topic_up_coming_date,topic_use_date)
values (48, '토픽40', '2023-08-14', '2023-8-14');
insert into topic (topic_id, topic_name,topic_up_coming_date,topic_use_date)
values (49, '토픽41', '2023-08-15', '2023-8-15');
insert into topic (topic_id, topic_name,topic_up_coming_date,topic_use_date)
values (50, '토픽42', '2023-08-16', '2023-8-16');
insert into topic (topic_id, topic_name,topic_up_coming_date,topic_use_date)
values (51, '토픽43', '2023-08-17', '2022-8-17');
insert into topic (topic_id, topic_name,topic_up_coming_date,topic_use_date)
values (52, '토픽44', '2023-06-30', '2023-6-30');


insert into hashtag (hash_tag_id, hash_tag_name, hash_tag_type, created_at, updated_at)
values (1, '공지글', 4, '2022-12-12', '2022/12/12');
insert into hashtag (hash_tag_id, hash_tag_name, hash_tag_type, created_at, updated_at)
values (2, '시', 2, '2022-12-12', '2022/12/12');
insert into hashtag (hash_tag_id, hash_tag_name, hash_tag_type, created_at, updated_at)
values (3, '소설', 2, '2022-12-12', '2022/12/12');
insert into hashtag (hash_tag_id, hash_tag_name, hash_tag_type, created_at, updated_at)
values (4, '수필', 2, '2022-12-12', '2022/12/12');
insert into hashtag (hash_tag_id, hash_tag_name, hash_tag_type, created_at, updated_at)
values (5, '판타지', 2, '2022-12-12', '2022/12/12');
insert into hashtag (hash_tag_id, hash_tag_name, hash_tag_type, created_at, updated_at)
values (6, '로맨스', 2, '2022-12-12', '2022/12/12');
insert into hashtag (hash_tag_id, hash_tag_name, hash_tag_type, created_at, updated_at)
values (7, '스릴러', 2, '2022-12-12', '2022/12/12');
insert into hashtag (hash_tag_id, hash_tag_name, hash_tag_type, created_at, updated_at)
values (8, '공포', 2, '2022-12-12', '2022/12/12');
insert into hashtag (hash_tag_id, hash_tag_name, hash_tag_type, created_at, updated_at)
values (9, '추리', 2, '2022-12-12', '2022/12/12');

insert into hashtag (hash_tag_id, hash_tag_name, hash_tag_type, created_at, updated_at)
values (10, '단편', 3, '2022-12-12', '2022/12/12');

insert into hashtag (hash_tag_id, hash_tag_name, hash_tag_type, created_at, updated_at)
values (11, '연재', 3, '2022-12-12', '2022/12/12');

insert into hashtag (hash_tag_id, hash_tag_name, hash_tag_type, created_at, updated_at)
values (12, '완결', 3, '2022-12-12', '2022/12/12');
insert into hashtag (hash_tag_id, hash_tag_name, hash_tag_type, created_at, updated_at)
values (13, '일반글', 1, '2022-12-12', '2022/12/12');

insert into roles (role_id, role_number)
values (1, 2);

insert into roles (role_id, role_number)
values (2, 1);

insert into users (user_id, user_name, password, nick_name, email, phone_No, gender, role_id, sign_up_date)
values (1, 'admin', '$2a$10$/a/dJ9fCUthwV3Xo/CK9TOoonoMPIJUvmZwMZcHSjJ/NO1NnURYIe', 'admin', 'admin@gmail.com', '010-1234-5678', 'NONE', 2, '2022-12-12');
insert into users (user_id, user_name, password, nick_name, email, phone_No, gender, role_id, sign_up_date)
values (2, 'test', '$2a$10$/a/dJ9fCUthwV3Xo/CK9TOoonoMPIJUvmZwMZcHSjJ/NO1NnURYIe', 'test', 'test@gmail.com', '010-1234-5679', 'NONE', 1, '2022-6-27');

insert into post (post_id, user_id, title, body, nick_name, post_hits, image_upload_name, created_at, updated_at) values (1, 2, 'Rocketeer, The', 'Cum sociis natoque penatibus et magnis dis parturient montes, nascetur ridiculus mus. Vivamus vestibulum sagittis sapien. Cum sociis natoque penatibus et magnis dis parturient montes, nascetur ridiculus mus.', 'cmckeaveney0', 1, 'VitaeConsectetuerEget.xls', '2023/01/13', '2022/09/22');
insert into post (post_id, user_id, title, body, nick_name, post_hits, image_upload_name, created_at, updated_at) values (2, 2, 'Xtro 3: Watch the Skies', 'Curabitur at ipsum ac tellus semper interdum. Mauris ullamcorper purus sit amet nulla. Quisque arcu libero, rutrum ac, lobortis vel, dapibus at, diam.', 'imcgrail1', 2, 'Ante.pdf', '2023/06/01', '2023/03/06');
insert into post (post_id, user_id, title, body, nick_name, post_hits, image_upload_name, created_at, updated_at) values (3, 2, 'It''s My Party', 'Curabitur in libero ut massa volutpat convallis. Morbi odio odio, elementum eu, interdum eu, tincidunt in, leo. Maecenas pulvinar lobortis est.', 'beilers2', 3, 'CrasIn.jpeg', '2022/11/06', '2023/04/14');
insert into post (post_id, user_id, title, body, nick_name, post_hits, image_upload_name, created_at, updated_at) values (4, 2, 'Greatest Movie Ever Sold, The (POM Wonderful Presents: The Greatest Movie Ever Sold)', 'Nam ultrices, libero non mattis pulvinar, nulla pede ullamcorper augue, a suscipit nulla elit ac nulla. Sed vel enim sit amet nunc viverra dapibus. Nulla suscipit ligula in lacus.', 'easkem3', 4, 'NonVelitDonec.pdf', '2022/10/08', '2022/08/08');
insert into post (post_id, user_id, title, body, nick_name, post_hits, image_upload_name, created_at, updated_at) values (5, 2, 'Falcon Rising', 'Nulla ut erat id mauris vulputate elementum. Nullam varius. Nulla facilisi.', 'cepton4', 5, 'ElitProin.mp3', '2023/01/25', '2022/12/10');
insert into post (post_id, user_id, title, body, nick_name, post_hits, image_upload_name, created_at, updated_at) values (6, 2, 'Corsican File, The (L''enquête corse)', 'In congue. Etiam justo. Etiam pretium iaculis justo.', 'bwozencraft5', 6, 'UtTellusNulla.png', '2023/06/11', '2022/11/05');
insert into post (post_id, user_id, title, body, nick_name, post_hits, image_upload_name, created_at, updated_at) values (7, 2, 'Rabbit', 'Maecenas leo odio, condimentum id, luctus nec, molestie sed, justo. Pellentesque viverra pede ac diam. Cras pellentesque volutpat dui.', 'djayne6', 7, 'AliquamConvallisNunc.mp3', '2022/07/20', '2022/09/23');
insert into post (post_id, user_id, title, body, nick_name, post_hits, image_upload_name, created_at, updated_at) values (8, 2, 'Apartment 4E ', 'Integer ac leo. Pellentesque ultrices mattis odio. Donec vitae nisi.', 'mstivani7', 8, 'Ultrices.png', '2023/01/14', '2022/11/16');
insert into post (post_id, user_id, title, body, nick_name, post_hits, image_upload_name, created_at, updated_at) values (9, 2, 'Dancing Masters, The', 'Fusce consequat. Nulla nisl. Nunc nisl.', 'wdarell8', 9, 'Nulla.mp3', '2022/10/04', '2023/02/20');
insert into post (post_id, user_id, title, body, nick_name, post_hits, image_upload_name, created_at, updated_at) values (10, 2, 'Passionate Friends, The (a.k.a. One Woman''s Story)', 'Integer ac leo. Pellentesque ultrices mattis odio. Donec vitae nisi.', 'wharner9', 10, 'FaucibusOrciLuctus.mpeg', '2022/10/06', '2022/10/30');
insert into post (post_id, user_id, title, body, nick_name, post_hits, image_upload_name, created_at, updated_at) values (11, 2, 'Rhino Season (Fasle kargadan) ', 'Aenean lectus. Pellentesque eget nunc. Donec quis orci eget orci vehicula condimentum.', 'rkohrta', 11, 'MolestieLorem.xls', '2022/11/09', '2022/12/04');
insert into post (post_id, user_id, title, body, nick_name, post_hits, image_upload_name, created_at, updated_at) values (12, 2, 'It''s in the Water', 'Maecenas leo odio, condimentum id, luctus nec, molestie sed, justo. Pellentesque viverra pede ac diam. Cras pellentesque volutpat dui.', 'dbohlinb', 12, 'ConsectetuerEgetRutrum.xls', '2023/05/20', '2023/05/24');
insert into post (post_id, user_id, title, body, nick_name, post_hits, image_upload_name, created_at, updated_at) values (13, 2, 'Guncrazy', 'Nam ultrices, libero non mattis pulvinar, nulla pede ullamcorper augue, a suscipit nulla elit ac nulla. Sed vel enim sit amet nunc viverra dapibus. Nulla suscipit ligula in lacus.', 'ealdermanc', 13, 'TortorRisus.xls', '2023/01/30', '2023/03/20');
insert into post (post_id, user_id, title, body, nick_name, post_hits, image_upload_name, created_at, updated_at) values (14, 2, 'Midnight''s Children', 'Fusce posuere felis sed lacus. Morbi sem mauris, laoreet ut, rhoncus aliquet, pulvinar sed, nisl. Nunc rhoncus dui vel sem.', 'vscoinesd', 14, 'IpsumAliquamNon.jpeg', '2022/09/06', '2023/06/12');
insert into post (post_id, user_id, title, body, nick_name, post_hits, image_upload_name, created_at, updated_at) values (15, 2, 'Sleeping Beauty', 'Donec diam neque, vestibulum eget, vulputate ut, ultrices vel, augue. Vestibulum ante ipsum primis in faucibus orci luctus et ultrices posuere cubilia Curae; Donec pharetra, magna vestibulum aliquet ultrices, erat tortor sollicitudin mi, sit amet lobortis sapien sapien non mi. Integer ac neque.', 'fwollene', 15, 'LobortisLigulaSit.xls', '2022/07/17', '2023/04/05');
insert into post (post_id, user_id, title, body, nick_name, post_hits, image_upload_name, created_at, updated_at) values (16, 2, 'On the Outs', 'Curabitur in libero ut massa volutpat convallis. Morbi odio odio, elementum eu, interdum eu, tincidunt in, leo. Maecenas pulvinar lobortis est.', 'kridingf', 16, 'Lorem.xls', '2022/07/31', '2023/01/26');
insert into post (post_id, user_id, title, body, nick_name, post_hits, image_upload_name, created_at, updated_at) values (17, 2, 'Force of Execution', 'In hac habitasse platea dictumst. Morbi vestibulum, velit id pretium iaculis, diam erat fermentum justo, nec condimentum neque sapien placerat ante. Nulla justo.', 'jtrautg', 17, 'PotentiIn.ppt', '2023/01/05', '2023/03/25');
insert into post (post_id, user_id, title, body, nick_name, post_hits, image_upload_name, created_at, updated_at) values (18, 2, 'Killing Room, The', 'Donec diam neque, vestibulum eget, vulputate ut, ultrices vel, augue. Vestibulum ante ipsum primis in faucibus orci luctus et ultrices posuere cubilia Curae; Donec pharetra, magna vestibulum aliquet ultrices, erat tortor sollicitudin mi, sit amet lobortis sapien sapien non mi. Integer ac neque.', 'beckh', 18, 'VenenatisNonSodales.ppt', '2023/05/26', '2023/04/09');
insert into post (post_id, user_id, title, body, nick_name, post_hits, image_upload_name, created_at, updated_at) values (19, 2, 'Crush', 'Nullam sit amet turpis elementum ligula vehicula consequat. Morbi a ipsum. Integer a nibh.', 'lciottoi', 19, 'MagnisDisParturient.ppt', '2022/07/14', '2022/12/14');
insert into post (post_id, user_id, title, body, nick_name, post_hits, image_upload_name, created_at, updated_at) values (20, 2, 'Dracula 2000', 'Lorem ipsum dolor sit amet, consectetuer adipiscing elit. Proin risus. Praesent lectus.', 'zpretoriusj', 20, 'PrimisIn.xls', '2022/12/18', '2022/09/05');

insert into post_hashtag (post_id,hashtag_id,created_at,updated_at)
values (1,13,'2022-12-12','2022-12-12');
insert into post_hashtag (post_id,hashtag_id,created_at,updated_at)
values (1,10,'2022-12-12','2022-12-12');
insert into post_hashtag (post_id,hashtag_id,created_at,updated_at)
values (1,3,'2022-12-12','2022-12-12');
insert into post_hashtag (post_id,hashtag_id,created_at,updated_at)
values (2,13,'2022-12-12','2022-12-12');
insert into post_hashtag (post_id,hashtag_id,created_at,updated_at)
values (2,11,'2022-12-12','2022-12-12');
insert into post_hashtag (post_id,hashtag_id,created_at,updated_at)
values (2,3,'2022-12-12','2022-12-12');
insert into post_hashtag (post_id,hashtag_id,created_at,updated_at)
values (3,13,'2022-12-12','2022-12-12');
insert into post_hashtag (post_id,hashtag_id,created_at,updated_at)
values (3,12,'2022-12-12','2022-12-12');
insert into post_hashtag (post_id,hashtag_id,created_at,updated_at)
values (3,3,'2022-12-12','2022-12-12');
insert into post_hashtag (post_id,hashtag_id,created_at,updated_at)
values (4,13,'2022-12-12','2022-12-12');
insert into post_hashtag (post_id,hashtag_id,created_at,updated_at)
values (5,13,'2022-12-12','2022-12-12');
insert into post_hashtag (post_id,hashtag_id,created_at,updated_at)
values (5,10,'2022-12-12','2022-12-12');
insert into post_hashtag (post_id,hashtag_id,created_at,updated_at)
values (5,3,'2022-12-12','2022-12-12');
insert into post_hashtag (post_id,hashtag_id,created_at,updated_at)
values (6,13,'2022-12-12','2022-12-12');
insert into post_hashtag (post_id,hashtag_id,created_at,updated_at)
values (6,11,'2022-12-12','2022-12-12');
insert into post_hashtag (post_id,hashtag_id,created_at,updated_at)
values (6,3,'2022-12-12','2022-12-12');
insert into post_hashtag (post_id,hashtag_id,created_at,updated_at)
values (7,13,'2022-12-12','2022-12-12');
insert into post_hashtag (post_id,hashtag_id,created_at,updated_at)
values (7,12,'2022-12-12','2022-12-12');
insert into post_hashtag (post_id,hashtag_id,created_at,updated_at)
values (7,3,'2022-12-12','2022-12-12');
insert into post_hashtag (post_id,hashtag_id,created_at,updated_at)
values (8,13,'2022-12-12','2022-12-12');
insert into post_hashtag (post_id,hashtag_id,created_at,updated_at)
values (8,10,'2022-12-12','2022-12-12');
insert into post_hashtag (post_id,hashtag_id,created_at,updated_at)
values (8,3,'2022-12-12','2022-12-12');
insert into post_hashtag (post_id,hashtag_id,created_at,updated_at)
values (9,13,'2022-12-12','2022-12-12');
insert into post_hashtag (post_id,hashtag_id,created_at,updated_at)
values (9,10,'2022-12-12','2022-12-12');
insert into post_hashtag (post_id,hashtag_id,created_at,updated_at)
values (9,3,'2022-12-12','2022-12-12');
insert into post_hashtag (post_id,hashtag_id,created_at,updated_at)
values (10,13,'2022-12-12','2022-12-12');
insert into post_hashtag (post_id,hashtag_id,created_at,updated_at)
values (10,10,'2022-12-12','2022-12-12');
insert into post_hashtag (post_id,hashtag_id,created_at,updated_at)
values (10,3,'2022-12-12','2022-12-12');
insert into post_hashtag (post_id,hashtag_id,created_at,updated_at)
values (11,13,'2022-12-12','2022-12-12');
insert into post_hashtag (post_id,hashtag_id,created_at,updated_at)
values (11,10,'2022-12-12','2022-12-12');
insert into post_hashtag (post_id,hashtag_id,created_at,updated_at)
values (11,3,'2022-12-12','2022-12-12');
insert into post_hashtag (post_id,hashtag_id,created_at,updated_at)
values (12,13,'2022-12-12','2022-12-12');
insert into post_hashtag (post_id,hashtag_id,created_at,updated_at)
values (12,10,'2022-12-12','2022-12-12');
insert into post_hashtag (post_id,hashtag_id,created_at,updated_at)
values (12,3,'2022-12-12','2022-12-12');
insert into post_hashtag (post_id,hashtag_id,created_at,updated_at)
values (13,13,'2022-12-12','2022-12-12');
insert into post_hashtag (post_id,hashtag_id,created_at,updated_at)
values (13,10,'2022-12-12','2022-12-12');
insert into post_hashtag (post_id,hashtag_id,created_at,updated_at)
values (13,3,'2022-12-12','2022-12-12');
insert into post_hashtag (post_id,hashtag_id,created_at,updated_at)
values (14,13,'2022-12-12','2022-12-12');
insert into post_hashtag (post_id,hashtag_id,created_at,updated_at)
values (14,10,'2022-12-12','2022-12-12');
insert into post_hashtag (post_id,hashtag_id,created_at,updated_at)
values (14,3,'2022-12-12','2022-12-12');
insert into post_hashtag (post_id,hashtag_id,created_at,updated_at)
values (15,13,'2022-12-12','2022-12-12');
insert into post_hashtag (post_id,hashtag_id,created_at,updated_at)
values (15,10,'2022-12-12','2022-12-12');
insert into post_hashtag (post_id,hashtag_id,created_at,updated_at)
values (15,3,'2022-12-12','2022-12-12');
insert into post_hashtag (post_id,hashtag_id,created_at,updated_at)
values (16,13,'2022-12-12','2022-12-12');
insert into post_hashtag (post_id,hashtag_id,created_at,updated_at)
values (16,10,'2022-12-12','2022-12-12');
insert into post_hashtag (post_id,hashtag_id,created_at,updated_at)
values (16,3,'2022-12-12','2022-12-12');
insert into post_hashtag (post_id,hashtag_id,created_at,updated_at)
values (17,13,'2022-12-12','2022-12-12');
insert into post_hashtag (post_id,hashtag_id,created_at,updated_at)
values (17,10,'2022-12-12','2022-12-12');
insert into post_hashtag (post_id,hashtag_id,created_at,updated_at)
values (17,3,'2022-12-12','2022-12-12');
insert into post_hashtag (post_id,hashtag_id,created_at,updated_at)
values (18,13,'2022-12-12','2022-12-12');
insert into post_hashtag (post_id,hashtag_id,created_at,updated_at)
values (18,10,'2022-12-12','2022-12-12');
insert into post_hashtag (post_id,hashtag_id,created_at,updated_at)
values (18,3,'2022-12-12','2022-12-12');
insert into post_hashtag (post_id,hashtag_id,created_at,updated_at)
values (19,13,'2022-12-12','2022-12-12');
insert into post_hashtag (post_id,hashtag_id,created_at,updated_at)
values (19,10,'2022-12-12','2022-12-12');
insert into post_hashtag (post_id,hashtag_id,created_at,updated_at)
values (19,3,'2022-12-12','2022-12-12');
insert into post_hashtag (post_id,hashtag_id,created_at,updated_at)
values (20,13,'2022-12-12','2022-12-12');
insert into post_hashtag (post_id,hashtag_id,created_at,updated_at)
values (20,10,'2022-12-12','2022-12-12');
insert into post_hashtag (post_id,hashtag_id,created_at,updated_at)
values (20,3,'2022-12-12','2022-12-12');


insert into users (user_id, user_name, password, nick_name, email, phone_No, gender, role_id, sign_up_date)
values (3, 'Fey Lamar', 'vU1>.\3Drvyc%,Wa', 'flamar2', 'flamar2@cnn.com', '6992705808', 'Female', 1, '2023-02-04');
insert into users (user_id, user_name, password, nick_name, email, phone_No, gender, role_id, sign_up_date)
values (4, 'Sheila Piggot', 'mM0+*''XOt{''', 'spiggot3', 'spiggot3@ftc.gov', '1787746003', 'Female', 1, '2023-03-20');
insert into users (user_id, user_name, password, nick_name, email, phone_No, gender, role_id, sign_up_date)
values (5, 'Hobart Islep', 'tB3{HL<l4m)eJ', 'hislep4', 'hislep4@home.pl', '5523771895', 'Male', 1, '2022-12-01');
insert into users (user_id, user_name, password, nick_name, email, phone_No, gender, role_id, sign_up_date)
values (6, 'Rica Genney', 'jI0}#qh@', 'rgenney5', 'rgenney5@indiegogo.com', '5713227240', 'Female', 1, '2023-03-08');
insert into users (user_id, user_name, password, nick_name, email, phone_No, gender, role_id, sign_up_date)
values (7, 'Raul Sweetsur', 'nX7"4M`f8saIJD,', 'rsweetsur6', 'rsweetsur6@163.com', '2676318763', 'Male', 1,
        '2022-11-20');
insert into users (user_id, user_name, password, nick_name, email, phone_No, gender, role_id, sign_up_date)
values (8, 'Mohandis Scothorne', 'nI8@T%6+BO$bo}G', 'mscothorne7', 'mscothorne7@xinhuanet.com', '9806020518',
        'Bigender', 2, '2022-08-23');
insert into users (user_id, user_name, password, nick_name, email, phone_No, gender, role_id, sign_up_date)
values (9, 'Dolph Mishaw', 'yN4"U/7"1+,@ycg{', 'dmishaw8', 'dmishaw8@chronoengine.com', '6566788966', 'Male', 1,
        '2022-11-29');
insert into users (user_id, user_name, password, nick_name, email, phone_No, gender, role_id, sign_up_date)
values (10, 'Neron Clemmett', 'jV6}OrLP,)0M', 'nclemmett9', 'nclemmett9@usnews.com', '2382681893', 'Male', 1,
        '2022-08-22');
insert into users (user_id, user_name, password, nick_name, email, phone_No, gender, role_id, sign_up_date)
values (11, 'Dory Fernihough', 'qX4/ME1\W0trf}SE', 'dfernihougha', 'dfernihougha@disqus.com', '1025386749', 'Female', 1,
        '2022-10-08');
insert into users (user_id, user_name, password, nick_name, email, phone_No, gender, role_id, sign_up_date)
values (12, 'Avigdor Grenshields', 'bA0{+0W"'',Qe8', 'agrenshieldsb', 'agrenshieldsb@tripod.com', '4188756594', 'Male',
        2, '2022-09-02');
insert into users (user_id, user_name, password, nick_name, email, phone_No, gender, role_id, sign_up_date)
values (13, 'Myrta Charlewood', 'nK6%kZ06AiJvNK', 'mcharlewoodc', 'mcharlewoodc@gnu.org', '7105270250', 'Ge', 1,
        '2022-10-08');
insert into users (user_id, user_name, password, nick_name, email, phone_No, gender, role_id, sign_up_date)
values (14, 'Tory Blench', 'zB7=k6016,7', 'tblenchd', 'tblenchd@webeden.co.uk', '6422587332', 'Genderfluid', 1,
        '2023-02-01');
insert into users (user_id, user_name, password, nick_name, email, phone_No, gender, role_id, sign_up_date)
values (15, 'Margaretta Lesaunier', 'qC4{\p0na$B0@?t7', 'mlesauniere', 'mlesauniere@ft.com', '9991071617', 'Female', 1,
        '2022-10-06');
insert into users (user_id, user_name, password, nick_name, email, phone_No, gender, role_id, sign_up_date)
values (16, 'Kacie Kasbye', 'nP2$O1\i', 'kkasbyef', 'kkasbyef@fastcompany.com', '9127892438', 'Female', 1,
        '2023-06-21');
insert into users (user_id, user_name, password, nick_name, email, phone_No, gender, role_id, sign_up_date)
values (17, 'Rose Carwithen', 'aM2)qg75~kXz', 'rcarwitheng', 'rcarwitheng@earthlink.net', '4063130557', 'Female', 1,
        '2022-10-23');
insert into users (user_id, user_name, password, nick_name, email, phone_No, gender, role_id, sign_up_date)
values (18, 'Janine Pashler', 'rA8/"|16h', 'jpashlerh', 'jpashlerh@amazon.co.jp', '8743744487', 'Female', 1,
        '2022-09-07');
insert into users (user_id, user_name, password, nick_name, email, phone_No, gender, role_id, sign_up_date)
values (19, 'Graehme Janeczek', 'tL4>/=>XaS', 'gjaneczeki', 'gjaneczeki@ihg.com', '2519025341', 'Male', 1,
        '2022-11-25');
insert into users (user_id, user_name, password, nick_name, email, phone_No, gender, role_id, sign_up_date)
values (20, 'Bunnie Le Franc', 'yT6,%{GfOpJ', 'blej', 'blej@rambler.ru', '1041831084', 'Female', 1, '2023-05-17');
insert into users (user_id, user_name, password, nick_name, email, phone_No, gender, role_id, sign_up_date)
values (21, 'Jamesy Helkin', 'hJ0%NU~8w&u7<', 'jhelkink', 'jhelkink@walmart.com', '2921134554', 'Male', 1,
        '2023-04-25');
insert into users (user_id, user_name, password, nick_name, email, phone_No, gender, role_id, sign_up_date)
values (22, 'Carmen Franz', 'qH8,</"Kr6CJ*', 'cfranzl', 'cfranzl@sfgate.com', '7406444587', 'Female', 1, '2023-05-14');
insert into users (user_id, user_name, password, nick_name, email, phone_No, gender, role_id, sign_up_date)
values (23, 'Dell Sell', 'fP0_/8b+z', 'dsellm', 'dsellm@vistaprint.com', '7739706082', 'Male', 1, '2023-05-09');
insert into users (user_id, user_name, password, nick_name, email, phone_No, gender, role_id, sign_up_date)
values (24, 'Carolann Soans', 'kO6.*7Tr1sh}%', 'csoansn', 'csoansn@washingtonpost.com', '1779663830', 'Female', 1,
        '2023-05-12');
insert into users (user_id, user_name, password, nick_name, email, phone_No, gender, role_id, sign_up_date)
values (25, 'Trent Mundy', 'qO4?dA#1a!QTGp', 'tmundyo', 'tmundyo@independent.co.uk', '1175944855', 'Male', 1,
        '2022-09-06');
insert into users (user_id, user_name, password, nick_name, email, phone_No, gender, role_id, sign_up_date)
values (26, 'Walden Carney', 'bO0''HwG7{1W|GV', 'wcarneyp', 'wcarneyp@google.com.br', '9673474030', 'Male', 1,
        '2023-04-29');
insert into users (user_id, user_name, password, nick_name, email, phone_No, gender, role_id, sign_up_date)
values (27, 'Jorge Colyer', 'xK9`K$V5CVB', 'jcolyerq', 'jcolyerq@csmonitor.com', '4794427195', 'Male', 1, '2023-02-11');
insert into users (user_id, user_name, password, nick_name, email, phone_No, gender, role_id, sign_up_date)
values (28, 'Floria Jeanequin', 'oD5@t4u7)', 'fjeanequinr', 'fjeanequinr@elegantthemes.com', '3297372380', 'Female', 1,
        '2023-01-29');
insert into users (user_id, user_name, password, nick_name, email, phone_No, gender, role_id, sign_up_date)
values (29, 'Vevay Marti', 'kC1?h4vZLG\#<6', 'vmartis', 'vmartis@google.com', '8591411893', 'Female', 1, '2023-03-02');
insert into users (user_id, user_name, password, nick_name, email, phone_No, gender, role_id, sign_up_date)
values (30, 'Tremayne Panks', 'uF9+Hs89j', 'tpankst', 'tpankst@mozilla.org', '8202566369', 'Male', 1, '2023-03-02');
insert into users (user_id, user_name, password, nick_name, email, phone_No, gender, role_id, sign_up_date)
values (31, 'Marguerite Hullah', 'fO7}3{X~', 'mhullahu', 'mhullahu@bbb.org', '8346908365', 'Female', 1, '2022-07-17');
insert into users (user_id, user_name, password, nick_name, email, phone_No, gender, role_id, sign_up_date)
values (32, 'Harri Coumbe', 'wR9\L(|n', 'hcoumbev', 'hcoumbev@jimdo.com', '9367750533', 'Female', 1, '2023-02-08');
insert into users (user_id, user_name, password, nick_name, email, phone_No, gender, role_id, sign_up_date)
values (33, 'Violetta Petrolli', 'wX0&BCwFxmU@', 'vpetrolliw', 'vpetrolliw@51.la', '1706702614', 'Female', 1,
        '2023-02-01');
insert into users (user_id, user_name, password, nick_name, email, phone_No, gender, role_id, sign_up_date)
values (34, 'Carmelia Clemmey', 'nP2}ExyAV%H|cvN', 'cclemmeyx', 'cclemmeyx@csmonitor.com', '7161959921', 'Female', 1,
        '2023-02-19');
insert into users (user_id, user_name, password, nick_name, email, phone_No, gender, role_id, sign_up_date)
values (35, 'Melisa Durie', 'vY3{=IWBB2`Jl', 'mduriey', 'mduriey@ucoz.ru', '4477076810', 'Female', 1, '2023-05-16');
insert into users (user_id, user_name, password, nick_name, email, phone_No, gender, role_id, sign_up_date)
values (36, 'Starlene Lally', 'nO8!f}`_x1', 'slallyz', 'slallyz@army.mil', '1897094901', 'Female', 1, '2023-04-08');
insert into users (user_id, user_name, password, nick_name, email, phone_No, gender, role_id, sign_up_date)
values (37, 'Westley Ryall', 'fW1>wy4?*1KxFKp', 'wryall10', 'wryall10@macromedia.com', '8329055634', 'Male', 1,
        '2023-05-21');
insert into users (user_id, user_name, password, nick_name, email, phone_No, gender, role_id, sign_up_date)
values (38, 'Jone Andrieux', 'mH9$J&pBx8Hp"', 'jandrieux11', 'jandrieux11@flickr.com', '5305248669', 'Male', 1,
        '2023-04-24');
insert into users (user_id, user_name, password, nick_name, email, phone_No, gender, role_id, sign_up_date)
values (39, 'Neel Bonsale', 'mF8~h%H/5', 'nbonsale12', 'nbonsale12@buzzfeed.com', '4699818921', 'Male', 1,
        '2022-10-22');
insert into users (user_id, user_name, password, nick_name, email, phone_No, gender, role_id, sign_up_date)
values (40, 'Margarette Vigrass', 'rV6#(&GOqu', 'mvigrass13', 'mvigrass13@blogs.com', '5201675168', 'Female', 1,
        '2023-05-20');
insert into users (user_id, user_name, password, nick_name, email, phone_No, gender, role_id, sign_up_date)
values (41, 'Matthiew Butterly', 'oT8+Q.QqE6P,', 'mbutterly14', 'mbutterly14@spotify.com', '8027001571', 'Polygender',
        2, '2022-06-27');
insert into users (user_id, user_name, password, nick_name, email, phone_No, gender, role_id, sign_up_date)
values (42, 'Estrella Skewis', 'vK1_8K<_4khJ+', 'eskewis15', 'eskewis15@netlog.com', '4299753205', 'Female', 1,
        '2022-11-07');
insert into users (user_id, user_name, password, nick_name, email, phone_No, gender, role_id, sign_up_date)
values (43, 'Sybilla Blaxter', 'yL5+@|~g#ar', 'sblaxter16', 'sblaxter16@blinklist.com', '4691376645', 'Female', 1,
        '2023-01-01');
insert into users (user_id, user_name, password, nick_name, email, phone_No, gender, role_id, sign_up_date)
values (44, 'Sandy Mundow', 'bD8&/_WZh8A(2B+c', 'smundow17', 'smundow17@arizona.edu', '9664752204', 'Female', 1,
        '2022-10-20');
insert into users (user_id, user_name, password, nick_name, email, phone_No, gender, role_id, sign_up_date)
values (45, 'Blisse Cutteridge', 'lV0#*eGik!T4o?"W', 'bcutteridge18', 'bcutteridge18@about.com', '6714472034', 'Female',
        2, '2023-01-30');
insert into users (user_id, user_name, password, nick_name, email, phone_No, gender, role_id, sign_up_date)
values (46, 'Rosamund Agett', 'hU9{C"fdM0vy0q|', 'ragett19', 'ragett19@linkedin.com', '3785309844', 'Female', 1,
        '2022-11-28');
insert into users (user_id, user_name, password, nick_name, email, phone_No, gender, role_id, sign_up_date)
values (47, 'Dannie Fearnehough', 'sJ1"iom$`9', 'dfearnehough1a', 'dfearnehough1a@artisteer.com', '1567807421', 'Male',
        2, '2022-08-10');
insert into users (user_id, user_name, password, nick_name, email, phone_No, gender, role_id, sign_up_date)
values (48, 'Shadow Stovell', 'iJ6`l_#kIe&d', 'sstovell1b', 'sstovell1b@angelfire.com', '2049847842', 'Agender', 1,
        '2022-08-23');
insert into users (user_id, user_name, password, nick_name, email, phone_No, gender, role_id, sign_up_date)
values (49, 'Jeffie Lindmark', 'xA9%TNg\!14h+|', 'jlindmark1c', 'jlindmark1c@dagondesign.com', '1614144070', 'Male', 1,
        '2022-07-11');
insert into users (user_id, user_name, password, nick_name, email, phone_No, gender, role_id, sign_up_date)
values (50, 'Friedrick Casperri', 'eY4\DeyI%', 'fcasperri1d', 'fcasperri1d@webeden.co.uk', '5801762825', 'Male', 1,
        '2022-08-08');
insert into users (user_id, user_name, password, nick_name, email, phone_No, gender, role_id, sign_up_date)
values (51, 'Diego Tangye', 'bP1_OP2O{0fq', 'dtangye1e', 'dtangye1e@aol.com', '9595634800', 'Male', 1, '2022-07-16');
insert into users (user_id, user_name, password, nick_name, email, phone_No, gender, role_id, sign_up_date)
values (52, 'Ammamaria Sawdy', 'tU1""tRJ', 'asawdy1f', 'asawdy1f@woothemes.com', '7438200560', 'Female', 1,
        '2023-01-29');
insert into users (user_id, user_name, password, nick_name, email, phone_No, gender, role_id, sign_up_date)
values (53, 'Lock Nazareth', 'gH7{`YwIh+gmr%@', 'lnazareth1g', 'lnazareth1g@apache.org', '2215302974', 'Male', 1,
        '2022-10-15');
insert into users (user_id, user_name, password, nick_name, email, phone_No, gender, role_id, sign_up_date)
values (54, 'Myrwyn Bernardotte', 'sS1''?R/{,>,', 'mbernardotte1h', 'mbernardotte1h@answers.com', '6018800880', 'Male',
        2, '2022-07-05');
insert into users (user_id, user_name, password, nick_name, email, phone_No, gender, role_id, sign_up_date)
values (55, 'Ali Hatter', 'hK3(KjO07%', 'ahatter1i', 'ahatter1i@pagesperso-orange.fr', '5453561225', 'Male', 1,
        '2022-10-14');
insert into users (user_id, user_name, password, nick_name, email, phone_No, gender, role_id, sign_up_date)
values (56, 'Torrence Van Driel', 'qF3.,t)!K?&pO4>`', 'tvan1j', 'tvan1j@hexun.com', '3125044163', 'Male', 1,
        '2023-02-05');
insert into users (user_id, user_name, password, nick_name, email, phone_No, gender, role_id, sign_up_date)
values (57, 'Alexa Gatsby', 'tC5\w*R_Bf', 'agatsby1k', 'agatsby1k@earthlink.net', '4714211089', 'Female', 1,
        '2022-11-20');
insert into users (user_id, user_name, password, nick_name, email, phone_No, gender, role_id, sign_up_date)
values (58, 'Siffre McDermot', 'vV2.*15b}.q', 'smcdermot1l', 'smcdermot1l@discovery.com', '5369904350', 'Male', 1,
        '2023-03-31');
insert into users (user_id, user_name, password, nick_name, email, phone_No, gender, role_id, sign_up_date)
values (59, 'Conney Slocomb', 'oC1>l6otL', 'cslocomb1m', 'cslocomb1m@gizmodo.com', '8996073697', 'Male', 1,
        '2023-03-27');
insert into users (user_id, user_name, password, nick_name, email, phone_No, gender, role_id, sign_up_date)
values (60, 'Leonelle Champagne', 'fJ7?rZ<u\zDP', 'lchampagne1n', 'lchampagne1n@china.com.cn', '3208049735', 'Female',
        2, '2022-08-19');
insert into users (user_id, user_name, password, nick_name, email, phone_No, gender, role_id, sign_up_date)
values (61, 'Cristiano Essberger', 'yG0&!r2w', 'cessberger1o', 'cessberger1o@sfgate.com', '8595171286', 'Male', 1,
        '2022-08-15');
insert into users (user_id, user_name, password, nick_name, email, phone_No, gender, role_id, sign_up_date)
values (62, 'Malchy Bruhnsen', 'lG4,k+6e"', 'mbruhnsen1p', 'mbruhnsen1p@noaa.gov', '7058734251', 'Male', 1,
        '2023-01-16');
insert into users (user_id, user_name, password, nick_name, email, phone_No, gender, role_id, sign_up_date)
values (63, 'Beauregard Goghin', 'uV9)d)@&l''0', 'bgoghin1q', 'bgoghin1q@miitbeian.gov.cn', '4798696112', 'Male', 1,
        '2022-08-05');
insert into users (user_id, user_name, password, nick_name, email, phone_No, gender, role_id, sign_up_date)
values (64, 'Clarette Thomassin', 'yW5\xagn9', 'cthomassin1r', 'cthomassin1r@posterous.com', '8861670738', 'Female', 1,
        '2022-08-17');
insert into users (user_id, user_name, password, nick_name, email, phone_No, gender, role_id, sign_up_date)
values (65, 'Carmine Eliasen', 'aW3&IwH`4a@Niko', 'celiasen1s', 'celiasen1s@prweb.com', '9554478964', 'Female', 1,
        '2022-07-22');
insert into users (user_id, user_name, password, nick_name, email, phone_No, gender, role_id, sign_up_date)
values (66, 'Johannes Baudouin', 'zQ3<N"VJP7}"h?J', 'jbaudouin1t', 'jbaudouin1t@apache.org', '6214411275', 'Non-binary',
        2, '2023-05-07');
insert into users (user_id, user_name, password, nick_name, email, phone_No, gender, role_id, sign_up_date)
values (67, 'Aloysius Jennions', 'kL0*ePk/d/XHd6W', 'ajennions1u', 'ajennions1u@paypal.com', '7762752524', 'Male', 1,
        '2022-07-10');

insert into user_followings (followee_id, follower_id,created_at) values (3, 2, '2022-07-10');
insert into user_followings (followee_id, follower_id,created_at) values (4, 2, '2022-07-10');
insert into user_followings (followee_id, follower_id,created_at) values (5, 2,'2022-07-10');
insert into user_followings (followee_id, follower_id,created_at) values (6, 2,'2022-07-10');
insert into user_followings (followee_id, follower_id,created_at) values (7, 2,'2022-07-10');
insert into user_followings (followee_id, follower_id,created_at) values (8, 2,'2022-07-10');
insert into user_followings (followee_id, follower_id,created_at) values (9, 2,'2022-07-10');
insert into user_followings (followee_id, follower_id,created_at) values (10, 2,'2022-07-10');
insert into user_followings (followee_id, follower_id,created_at) values (11, 2,'2022-07-10');
insert into user_followings (followee_id, follower_id,created_at) values (12, 2,'2022-07-10');
insert into user_followings (followee_id, follower_id,created_at) values (13, 2,'2022-07-10');
insert into user_followings (followee_id, follower_id,created_at) values (14, 2,'2022-07-10');
insert into user_followings (followee_id, follower_id,created_at) values (15, 2,'2022-07-10');

insert into user_followings (followee_id, follower_id,created_at) values (2, 3,'2022-07-10');
insert into user_followings (followee_id, follower_id,created_at) values (2, 4,'2022-07-10');
insert into user_followings (followee_id, follower_id,created_at) values (2, 5,'2022-07-10');
insert into user_followings (followee_id, follower_id,created_at) values (2, 17,'2022-07-10');
insert into user_followings (followee_id, follower_id,created_at) values (2, 18,'2022-07-10');
insert into user_followings (followee_id, follower_id,created_at) values (2, 19,'2022-07-10');
insert into user_followings (followee_id, follower_id,created_at) values (2, 20,'2022-07-10');
